<?xml version="1.0" encoding="UTF-8"?><ImplementationGuide xmlns="http://hl7.org/fhir"><id value="example.fhir.uv.myig"/><text><status value="extensions"/><div xmlns="http://www.w3.org/1999/xhtml"><h2>YourComputableMyIGNameHere</h2><p>The official URL for this implementation guide is: </p><pre>http://somewhere.org/fhir/uv/myig/ImplementationGuide/example.fhir.uv.myig</pre><div><p>A brief description of what MyIG is about (probably the same text as in your readme)</p>
</div></div></text><url value="http://somewhere.org/fhir/uv/myig/ImplementationGuide/example.fhir.uv.myig"/><version value="0.2.0"/><name value="YourComputableMyIGNameHere"/><title value="Your User Friendly Name for MyIG Here"/><status value="draft"/><experimental value="false"/><date value="2021-12-20T21:45:52-03:00"/><publisher value="HL7 International - [Some] Work Group"/><contact><telecom><system value="url"/><value value="http://hl7.org/Special/committees/[something]"/></telecom></contact><description value="A brief description of what MyIG is about (probably the same text as in your readme)"/><jurisdiction><coding><system value="http://unstats.un.org/unsd/methods/m49/m49.htm"/><code value="001"/></coding></jurisdiction><packageId value="example.fhir.uv.myig"/><license value="CC0-1.0"/><fhirVersion value="4.0.1"/><definition><extension url="http://hl7.org/fhir/tools/StructureDefinition/ig-parameter"><extension url="code"><valueString value="copyrightyear"/></extension><extension url="value"><valueString value="2019+"/></extension></extension><extension url="http://hl7.org/fhir/tools/StructureDefinition/ig-parameter"><extension url="code"><valueString value="releaselabel"/></extension><extension url="value"><valueString value="CI Build"/></extension></extension><extension url="http://hl7.org/fhir/tools/StructureDefinition/ig-parameter"><extension url="code"><valueString value="path-binary"/></extension><extension url="value"><valueString value="input\cql"/></extension></extension><extension url="http://hl7.org/fhir/tools/StructureDefinition/ig-parameter"><extension url="code"><valueString value="path-liquid"/></extension><extension url="value"><valueString value="templates\liquid"/></extension></extension><extension url="http://hl7.org/fhir/tools/StructureDefinition/ig-parameter"><extension url="code"><valueString value="shownav"/></extension><extension url="value"><valueString value="true"/></extension></extension><extension url="http://hl7.org/fhir/tools/StructureDefinition/ig-parameter"><extension url="code"><valueString value="showsource"/></extension><extension url="value"><valueString value="true"/></extension></extension><extension url="http://hl7.org/fhir/tools/StructureDefinition/ig-parameter"><extension url="code"><valueString value="autoload-resources"/></extension><extension url="value"><valueString value="true"/></extension></extension><extension url="http://hl7.org/fhir/tools/StructureDefinition/ig-parameter"><extension url="code"><valueString value="path-liquid"/></extension><extension url="value"><valueString value="template/liquid"/></extension></extension><extension url="http://hl7.org/fhir/tools/StructureDefinition/ig-parameter"><extension url="code"><valueString value="path-liquid"/></extension><extension url="value"><valueString value="input/liquid"/></extension></extension><extension url="http://hl7.org/fhir/tools/StructureDefinition/ig-parameter"><extension url="code"><valueString value="path-qa"/></extension><extension url="value"><valueString value="temp/qa"/></extension></extension><extension url="http://hl7.org/fhir/tools/StructureDefinition/ig-parameter"><extension url="code"><valueString value="path-temp"/></extension><extension url="value"><valueString value="temp/pages"/></extension></extension><extension url="http://hl7.org/fhir/tools/StructureDefinition/ig-parameter"><extension url="code"><valueString value="path-output"/></extension><extension url="value"><valueString value="output"/></extension></extension><extension url="http://hl7.org/fhir/tools/StructureDefinition/ig-parameter"><extension url="code"><valueString value="path-suppressed-warnings"/></extension><extension url="value"><valueString value="input/ignoreWarnings.txt"/></extension></extension><extension url="http://hl7.org/fhir/tools/StructureDefinition/ig-parameter"><extension url="code"><valueString value="path-history"/></extension><extension url="value"><valueString value="http://somewhere.org/fhir/uv/myig/history.html"/></extension></extension><extension url="http://hl7.org/fhir/tools/StructureDefinition/ig-parameter"><extension url="code"><valueString value="template-html"/></extension><extension url="value"><valueString value="template-page.html"/></extension></extension><extension url="http://hl7.org/fhir/tools/StructureDefinition/ig-parameter"><extension url="code"><valueString value="template-md"/></extension><extension url="value"><valueString value="template-page-md.html"/></extension></extension><extension url="http://hl7.org/fhir/tools/StructureDefinition/ig-parameter"><extension url="code"><valueString value="apply-contact"/></extension><extension url="value"><valueString value="true"/></extension></extension><extension url="http://hl7.org/fhir/tools/StructureDefinition/ig-parameter"><extension url="code"><valueString value="apply-context"/></extension><extension url="value"><valueString value="true"/></extension></extension><extension url="http://hl7.org/fhir/tools/StructureDefinition/ig-parameter"><extension url="code"><valueString value="apply-copyright"/></extension><extension url="value"><valueString value="true"/></extension></extension><extension url="http://hl7.org/fhir/tools/StructureDefinition/ig-parameter"><extension url="code"><valueString value="apply-jurisdiction"/></extension><extension url="value"><valueString value="true"/></extension></extension><extension url="http://hl7.org/fhir/tools/StructureDefinition/ig-parameter"><extension url="code"><valueString value="apply-license"/></extension><extension url="value"><valueString value="true"/></extension></extension><extension url="http://hl7.org/fhir/tools/StructureDefinition/ig-parameter"><extension url="code"><valueString value="apply-publisher"/></extension><extension url="value"><valueString value="true"/></extension></extension><extension url="http://hl7.org/fhir/tools/StructureDefinition/ig-parameter"><extension url="code"><valueString value="apply-version"/></extension><extension url="value"><valueString value="true"/></extension></extension><extension url="http://hl7.org/fhir/tools/StructureDefinition/ig-parameter"><extension url="code"><valueString value="active-tables"/></extension><extension url="value"><valueString value="true"/></extension></extension><grouping id="-str-abstractprofile"><name value="Structures: Abstract Profiles"/><description value="These are profiles on resources or data types that describe patterns used by other profiles, but cannot be instantiated directly.  I.e. instances can conform to profiles *based* on these abstract profiles, but do not declare conformance to the abstract profiles themselves."/></grouping><grouping id="-ex-example"><name value="Example: Example Instances"/><description value="These are example instances that show what data produced and consumed by systems conforming with this implementation guide might look like"/></grouping><resource><extension url="http://hl7.org/fhir/StructureDefinition/implementationguide-page"><valueUri value="Patient-patient-1.html"/></extension><reference><reference value="Patient/patient-1"/></reference><name value="Example Patient - patient-1"/><exampleCanonical value="http://somewhere.org/fhir/uv/myig/StructureDefinition/patient"/><groupingId value="-ex-example"/></resource><resource><extension url="http://hl7.org/fhir/StructureDefinition/implementationguide-page"><valueUri value="Claim-claim-1.html"/></extension><reference><reference value="Claim/claim-1"/></reference><name value="Example Claim - claim-1"/><exampleCanonical value="http://somewhere.org/fhir/uv/myig/StructureDefinition/claim"/><groupingId value="-ex-example"/></resource><resource><extension url="http://hl7.org/fhir/StructureDefinition/implementationguide-page"><valueUri value="Organization-organization-2.html"/></extension><reference><reference value="Organization/organization-2"/></reference><name value="Example Organization - organization-2"/><exampleCanonical value="http://somewhere.org/fhir/uv/myig/StructureDefinition/organization"/><groupingId value="-ex-example"/></resource><resource><extension url="http://hl7.org/fhir/StructureDefinition/implementationguide-page"><valueUri value="Practitioner-practitioner-1.html"/></extension><reference><reference value="Practitioner/practitioner-1"/></reference><name value="Example Practitioner - practitioner-1"/><exampleCanonical value="http://somewhere.org/fhir/uv/myig/StructureDefinition/practitioner"/><groupingId value="-ex-example"/></resource><resource><extension url="http://hl7.org/fhir/StructureDefinition/implementationguide-page"><valueUri value="Encounter-encounter-1.html"/></extension><reference><reference value="Encounter/encounter-1"/></reference><name value="Example Encounter - encounter-1"/><exampleCanonical value="http://somewhere.org/fhir/uv/myig/StructureDefinition/encounter"/><groupingId value="-ex-example"/></resource><resource><extension url="http://hl7.org/fhir/StructureDefinition/implementationguide-page"><valueUri value="Coverage-coverage-1.html"/></extension><reference><reference value="Coverage/coverage-1"/></reference><name value="Example Coverage - coverage-1"/><exampleCanonical value="http://somewhere.org/fhir/uv/myig/StructureDefinition/coverage"/><groupingId value="-ex-example"/></resource><resource><extension url="http://hl7.org/fhir/StructureDefinition/implementationguide-page"><valueUri value="Organization-organization-1.html"/></extension><reference><reference value="Organization/organization-1"/></reference><name value="Example Organization - organization-1"/><exampleCanonical value="http://somewhere.org/fhir/uv/myig/StructureDefinition/organization"/><groupingId value="-ex-example"/></resource><resource><extension url="http://hl7.org/fhir/StructureDefinition/implementationguide-page"><valueUri value="StructureDefinition-encounter.html"/></extension><reference><reference value="StructureDefinition/encounter"/></reference><name value="Encounter"/><groupingId value="-str-abstractprofile"/></resource><resource><extension url="http://hl7.org/fhir/StructureDefinition/implementationguide-page"><valueUri value="StructureDefinition-patient.html"/></extension><reference><reference value="StructureDefinition/patient"/></reference><name value="Patient"/><groupingId value="-str-abstractprofile"/></resource><resource><extension url="http://hl7.org/fhir/StructureDefinition/implementationguide-page"><valueUri value="StructureDefinition-coverage.html"/></extension><reference><reference value="StructureDefinition/coverage"/></reference><name value="Coverage"/><groupingId value="-str-abstractprofile"/></resource><resource><extension url="http://hl7.org/fhir/StructureDefinition/implementationguide-page"><valueUri value="StructureDefinition-organization.html"/></extension><reference><reference value="StructureDefinition/organization"/></reference><name value="Organization"/><groupingId value="-str-abstractprofile"/></resource><resource><extension url="http://hl7.org/fhir/StructureDefinition/implementationguide-page"><valueUri value="StructureDefinition-claim.html"/></extension><reference><reference value="StructureDefinition/claim"/></reference><name value="Claim"/><groupingId value="-str-abstractprofile"/></resource><resource><extension url="http://hl7.org/fhir/StructureDefinition/implementationguide-page"><valueUri value="StructureDefinition-practitioner.html"/></extension><reference><reference value="StructureDefinition/practitioner"/></reference><name value="Practitioner"/><groupingId value="-str-abstractprofile"/></resource><page><nameUrl value="toc.html"/><title value="Table of Contents"/><generation value="html"/><page><nameUrl value="index.html"/><title value="MyIG Home Page"/><generation value="html"/></page><page><nameUrl value="background.html"/><title value="Background"/><generation value="html"/></page><page><nameUrl value="downloads.html"/><title value="Useful Downloads"/><generation value="html"/></page><page><nameUrl value="changes.html"/><title value="IG Change History"/><generation value="html"/></page><page><nameUrl value="artifacts.html"/><title value="Artifacts Summary"/><generation value="html"/><page><nameUrl value="StructureDefinition-encounter.html"/><title value="Encounter"/><generation value="generated"/></page><page><nameUrl value="StructureDefinition-patient.html"/><title value="Patient"/><generation value="generated"/></page><page><nameUrl value="StructureDefinition-coverage.html"/><title value="Coverage"/><generation value="generated"/></page><page><nameUrl value="StructureDefinition-organization.html"/><title value="Organization"/><generation value="generated"/></page><page><nameUrl value="StructureDefinition-claim.html"/><title value="Claim"/><generation value="generated"/></page><page><nameUrl value="StructureDefinition-practitioner.html"/><title value="Practitioner"/><generation value="generated"/></page><page><nameUrl value="Patient-patient-1.html"/><title value="Example Patient - patient-1"/><generation value="generated"/></page><page><nameUrl value="Claim-claim-1.html"/><title value="Example Claim - claim-1"/><generation value="generated"/></page><page><nameUrl value="Organization-organization-2.html"/><title value="Example Organization - organization-2"/><generation value="generated"/></page><page><nameUrl value="Practitioner-practitioner-1.html"/><title value="Example Practitioner - practitioner-1"/><generation value="generated"/></page><page><nameUrl value="Encounter-encounter-1.html"/><title value="Example Encounter - encounter-1"/><generation value="generated"/></page><page><nameUrl value="Coverage-coverage-1.html"/><title value="Example Coverage - coverage-1"/><generation value="generated"/></page><page><nameUrl value="Organization-organization-1.html"/><title value="Example Organization - organization-1"/><generation value="generated"/></page></page></page><parameter><code value="path-resource"/><value value="input\history"/></parameter><parameter><code value="path-resource"/><value value="input/capabilities"/></parameter><parameter><code value="path-resource"/><value value="input/examples"/></parameter><parameter><code value="path-resource"/><value value="input/extensions"/></parameter><parameter><code value="path-resource"/><value value="input/models"/></parameter><parameter><code value="path-resource"/><value value="input/operations"/></parameter><parameter><code value="path-resource"/><value value="input/profiles"/></parameter><parameter><code value="path-resource"/><value value="input/resources"/></parameter><parameter><code value="path-resource"/><value value="input/vocabulary"/></parameter><parameter><code value="path-resource"/><value value="input/testing"/></parameter><parameter><code value="path-resource"/><value value="input/history"/></parameter><parameter><code value="path-resource"/><value value="fsh-generated/resources"/></parameter><parameter><code value="path-pages"/><value value="template/config"/></parameter><parameter><code value="path-pages"/><value value="input/images"/></parameter><parameter><code value="path-tx-cache"/><value value="input-cache/txcache"/></parameter></definition></ImplementationGuide>