<?xml version="1.0" encoding="UTF-8"?>

<Organization xmlns="http://hl7.org/fhir">
  <id value="organization-1"/>
  <meta>
    <profile value="http://somewhere.org/fhir/uv/myig/StructureDefinition/organization"/>
  </meta>
  <text>
    <status value="generated"/><div xmlns="http://www.w3.org/1999/xhtml"><p><b>Generated Narrative</b></p><div style="display: inline-block; background-color: #d9e0e7; padding: 6px; margin: 4px; border: 1px solid #8da1b4; border-radius: 5px; line-height: 60%"><p style="margin-bottom: 0px">Resource "organization-1" </p><p style="margin-bottom: 0px">Profile: <a href="StructureDefinition-organization.html">Organization</a></p></div><p><b>identifier</b>: id: 11111111111 (OFFICIAL)</p><p><b>type</b>: Payer <span style="background: LightGoldenRodYellow; margin: 4px; border: 1px solid khaki"> (<a href="http://terminology.hl7.org/3.0.0/CodeSystem-organization-type.html">Organization type</a>#pay)</span></p><p><b>name</b>: Empresa 1</p></div>
  </text>
  <identifier>
    <use value="official"/>
    <system value="http://rnds.saude.gov.br/fhir/r4/NamingSystem/cnpj"/>
    <value value="11111111111"/>
  </identifier>
  <type>
    <coding>
      <system value="http://terminology.hl7.org/CodeSystem/organization-type"/>
      <code value="pay"/>
    </coding>
  </type>
  <name value="Empresa 1"/>
</Organization>