[
  {
    "id": "example.fhir.uv.myig",
    "type": "ImplementationGuide",
    "url": "http://somewhere.org/fhir/uv/myig/ImplementationGuide/example.fhir.uv.myig",
    "version": "0.2.0",
    "name": "YourComputableMyIGNameHere"
  },
  {
    "id": "claim",
    "type": "StructureDefinition",
    "url": "http://somewhere.org/fhir/uv/myig/StructureDefinition/claim",
    "version": "0.2.0",
    "name": "Claim"
  },
  {
    "id": "coverage",
    "type": "StructureDefinition",
    "url": "http://somewhere.org/fhir/uv/myig/StructureDefinition/coverage",
    "version": "0.2.0",
    "name": "Coverage"
  },
  {
    "id": "encounter",
    "type": "StructureDefinition",
    "url": "http://somewhere.org/fhir/uv/myig/StructureDefinition/encounter",
    "version": "0.2.0",
    "name": "Encounter"
  },
  {
    "id": "organization",
    "type": "StructureDefinition",
    "url": "http://somewhere.org/fhir/uv/myig/StructureDefinition/organization",
    "version": "0.2.0",
    "name": "Organization"
  },
  {
    "id": "patient",
    "type": "StructureDefinition",
    "url": "http://somewhere.org/fhir/uv/myig/StructureDefinition/patient",
    "version": "0.2.0",
    "name": "Patient"
  },
  {
    "id": "practitioner",
    "type": "StructureDefinition",
    "url": "http://somewhere.org/fhir/uv/myig/StructureDefinition/practitioner",
    "version": "0.2.0",
    "name": "Practitioner"
  }
]