{
  "resourceType": "Claim",
  "id": "claim-1",
  "meta": {
    "profile": [
      "http://somewhere.org/fhir/uv/sinistros/StructureDefinition/claim"
    ]
  },
  "text": {
    "status": "extensions",
    "div": "<div xmlns=\"http://www.w3.org/1999/xhtml\"><p><b>Generated Narrative</b></p><div style=\"display: inline-block; background-color: #d9e0e7; padding: 6px; margin: 4px; border: 1px solid #8da1b4; border-radius: 5px; line-height: 60%\"><p style=\"margin-bottom: 0px\">Resource \"claim-1\" </p><p style=\"margin-bottom: 0px\">Profile: <a href=\"StructureDefinition-claim.html\">Sinistros</a></p></div><p><b>Senha/Token</b>: 4564564</p><p><b>identifier</b>: id: 123456789101 (USUAL)</p><p><b>status</b>: active</p><p><b>type</b>: Institutional <span style=\"background: LightGoldenRodYellow; margin: 4px; border: 1px solid khaki\"> ()</span></p><p><b>use</b>: claim</p><p><b>patient</b>: <a href=\"Patient-patient-1.html\">Patient/patient-1</a> \"\"</p><p><b>created</b>: 2020-12-12</p><p><b>provider</b>: <a href=\"Practitioner-practitioner-1.html\">Practitioner/practitioner-1</a></p><p><b>priority</b>: Normal <span style=\"background: LightGoldenRodYellow; margin: 4px; border: 1px solid khaki\"> ([not stated]#Normal)</span></p><h3>Diagnoses</h3><table class=\"grid\"><tr><td>-</td><td><b>Sequence</b></td><td><b>Diagnosis[x]</b></td></tr><tr><td>*</td><td>1</td><td>M47.816 <span style=\"background: LightGoldenRodYellow; margin: 4px; border: 1px solid khaki\"> (<a href=\"http://terminology.hl7.org/3.0.0/CodeSystem-icd10.html\">ICD-10</a>#M47.816)</span></td></tr></table><h3>Procedures</h3><table class=\"grid\"><tr><td>-</td><td><b>Sequence</b></td><td><b>Procedure[x]</b></td></tr><tr><td>*</td><td>1</td><td>31309127 <span style=\"background: LightGoldenRodYellow; margin: 4px; border: 1px solid khaki\"> (BRCBHPMTUSS#31309127)</span></td></tr></table><h3>Insurances</h3><table class=\"grid\"><tr><td>-</td><td><b>Sequence</b></td><td><b>Focal</b></td><td><b>Identifier</b></td><td><b>Coverage</b></td></tr><tr><td>*</td><td>1</td><td>true</td><td>id: 12345</td><td><a href=\"Coverage-coverage-1.html\">Coverage/coverage-1</a></td></tr></table><blockquote><p><b>item</b></p><p><b>sequence</b>: 1</p><p><b>diagnosisSequence</b>: 1</p><p><b>procedureSequence</b>: 1</p><p><b>productOrService</b>: Expense <span style=\"background: LightGoldenRodYellow; margin: 4px; border: 1px solid khaki\"> (<a href=\"http://terminology.hl7.org/3.0.0/CodeSystem-ex-USCLS.html\">USCLS Codes</a>#99555)</span></p><p><b>serviced</b>: 2021-12-20T20:45:00Z --&gt; 2021-12-21T12:45:00Z</p><p><b>quantity</b>: 1 %<span style=\"background: LightGoldenRodYellow\"> (Details: UCUM code % = '%')</span></p><p><b>encounter</b>: <a href=\"Encounter-encounter-1.html\">Encounter/encounter-1</a></p></blockquote></div>"
  },
  "extension": [
    {
      "url": "http://somewhere.org/fhir/uv/sinistros/StructureDefinition/claim-senha",
      "valueString": "4564564"
    }
  ],
  "identifier": [
    {
      "use": "usual",
      "system": "http://somewhere.org/fhir/NamingSystem/claim",
      "value": "123456789101",
      "assigner": {
        "reference": "Organization/organization-3"
      }
    }
  ],
  "status": "active",
  "type": {
    "text": "Institutional"
  },
  "use": "claim",
  "patient": {
    "reference": "Patient/patient-1"
  },
  "created": "2020-12-12",
  "provider": {
    "reference": "Practitioner/practitioner-1"
  },
  "priority": {
    "coding": [
      {
        "code": "Normal"
      }
    ]
  },
  "diagnosis": [
    {
      "sequence": 1,
      "diagnosisCodeableConcept": {
        "coding": [
          {
            "system": "http://hl7.org/fhir/sid/icd-10",
            "code": "M47.816"
          }
        ]
      }
    }
  ],
  "procedure": [
    {
      "sequence": 1,
      "procedureCodeableConcept": {
        "coding": [
          {
            "system": "http://www.saude.gov.br/fhir/r4/CodeSystem/BRCBHPMTUSS",
            "code": "31309127"
          }
        ]
      }
    }
  ],
  "insurance": [
    {
      "sequence": 1,
      "focal": true,
      "identifier": {
        "system": "http://somewhere.org/fhir/uv/sinistros/StructureDefinition/claim",
        "value": "12345"
      },
      "coverage": {
        "reference": "Coverage/coverage-1"
      }
    }
  ],
  "item": [
    {
      "sequence": 1,
      "diagnosisSequence": [
        1
      ],
      "procedureSequence": [
        1
      ],
      "productOrService": {
        "coding": [
          {
            "system": "http://terminology.hl7.org/CodeSystem/ex-USCLS",
            "code": "99555",
            "display": "Expense"
          }
        ]
      },
      "servicedPeriod": {
        "start": "2021-12-20T20:45:00.000Z",
        "end": "2021-12-21T12:45:00.000Z"
      },
      "quantity": {
        "value": 1,
        "system": "http://unitsofmeasure.org",
        "code": "%"
      },
      "unitPrice": {
        "value": 135.57,
        "currency": "BRL"
      },
      "net": {
        "value": 135.57,
        "currency": "BRL"
      },
      "encounter": [
        {
          "reference": "Encounter/encounter-1"
        }
      ]
    }
  ]
}