<?xml version="1.0" encoding="UTF-8"?>

<Coverage xmlns="http://hl7.org/fhir">
  <id value="coverage-1"/>
  <meta>
    <profile value="http://somewhere.org/fhir/uv/myig/StructureDefinition/coverage"/>
  </meta>
  <text>
    <status value="generated"/><div xmlns="http://www.w3.org/1999/xhtml"><p><b>Generated Narrative</b></p><div style="display: inline-block; background-color: #d9e0e7; padding: 6px; margin: 4px; border: 1px solid #8da1b4; border-radius: 5px; line-height: 60%"><p style="margin-bottom: 0px">Resource "coverage-1" </p><p style="margin-bottom: 0px">Profile: <a href="StructureDefinition-coverage.html">Coverage</a></p></div><p><b>identifier</b>: id: 123456789101 (OFFICIAL)</p><p><b>status</b>: active</p><p><b>beneficiary</b>: <a href="Patient-patient-1.html">Patient/patient-1</a> ""</p><p><b>payor</b>: <a href="Patient-patient-1.html">Patient/patient-1</a> ""</p></div>
  </text>
  <identifier>
    <use value="official"/>
    <system value="http://somewhere.org/fhir/NamingSystem/coverage"/>
    <value value="123456789101"/>
  </identifier>
  <status value="active"/>
  <beneficiary>
    <reference value="Patient/patient-1"/>
  </beneficiary>
  <payor>
    <reference value="Patient/patient-1"/>
  </payor>
</Coverage>