<?xml version="1.0" encoding="UTF-8"?>

<Encounter xmlns="http://hl7.org/fhir">
  <id value="encounter-1"/>
  <meta>
    <profile value="http://somewhere.org/fhir/uv/myig/StructureDefinition/encounter"/>
  </meta>
  <text>
    <status value="generated"/><div xmlns="http://www.w3.org/1999/xhtml"><p><b>Generated Narrative</b></p><div style="display: inline-block; background-color: #d9e0e7; padding: 6px; margin: 4px; border: 1px solid #8da1b4; border-radius: 5px; line-height: 60%"><p style="margin-bottom: 0px">Resource "encounter-1" </p><p style="margin-bottom: 0px">Profile: <a href="StructureDefinition-encounter.html">Encounter</a></p></div><p><b>identifier</b>: id: 123456789101 (OFFICIAL)</p><p><b>status</b>: finished</p><p><b>class</b>: emergency (Details: http://terminology.hl7.org/CodeSystem/v3-ActCode code EMER = 'emergency', stated as 'null')</p><p><b>subject</b>: <a href="Patient-patient-1.html">Patient/patient-1</a> ""</p><p><b>period</b>: 2021-12-20 --&gt; (ongoing)</p></div>
  </text>
  <identifier>
    <use value="official"/>
    <system value="http://somewhere.org/fhir/NamingSystem/encounter"/>
    <value value="123456789101"/>
  </identifier>
  <status value="finished"/>
  <class>
    <system value="http://terminology.hl7.org/CodeSystem/v3-ActCode"/>
    <code value="EMER"/>
  </class>
  <subject>
    <reference value="Patient/patient-1"/>
  </subject>
  <period>
    <start value="2021-12-20"/>
  </period>
</Encounter>