{
  "resourceType": "Organization",
  "id": "organization-1",
  "meta": {
    "profile": [
      "http://somewhere.org/fhir/uv/myig/StructureDefinition/organization"
    ]
  },
  "text": {
    "status": "generated",
    "div": "<div xmlns=\"http://www.w3.org/1999/xhtml\"><p><b>Generated Narrative</b></p><div style=\"display: inline-block; background-color: #d9e0e7; padding: 6px; margin: 4px; border: 1px solid #8da1b4; border-radius: 5px; line-height: 60%\"><p style=\"margin-bottom: 0px\">Resource \"organization-1\" </p><p style=\"margin-bottom: 0px\">Profile: <a href=\"StructureDefinition-organization.html\">Organization</a></p></div><p><b>identifier</b>: id: 11111111111 (OFFICIAL)</p><p><b>type</b>: Payer <span style=\"background: LightGoldenRodYellow; margin: 4px; border: 1px solid khaki\"> (<a href=\"http://terminology.hl7.org/3.0.0/CodeSystem-organization-type.html\">Organization type</a>#pay)</span></p><p><b>name</b>: Empresa 1</p></div>"
  },
  "identifier": [
    {
      "use": "official",
      "system": "http://rnds.saude.gov.br/fhir/r4/NamingSystem/cnpj",
      "value": "11111111111"
    }
  ],
  "type": [
    {
      "coding": [
        {
          "system": "http://terminology.hl7.org/CodeSystem/organization-type",
          "code": "pay"
        }
      ]
    }
  ],
  "name": "Empresa 1"
}