<?xml version="1.0" encoding="UTF-8"?>

<Patient xmlns="http://hl7.org/fhir">
  <id value="patient-1"/>
  <meta>
    <profile value="http://somewhere.org/fhir/uv/sinistros/StructureDefinition/patient"/>
  </meta>
  <text>
    <status value="generated"/><div xmlns="http://www.w3.org/1999/xhtml"><p><b>Generated Narrative</b></p><div style="display: inline-block; background-color: #d9e0e7; padding: 6px; margin: 4px; border: 1px solid #8da1b4; border-radius: 5px; line-height: 60%"><p style="margin-bottom: 0px">Resource "patient-1" </p><p style="margin-bottom: 0px">Profile: <a href="StructureDefinition-patient.html">Paciente</a></p></div><p><b>identifier</b>: id: 12345678910 (OFFICIAL)</p><p><b>name</b>: Fulano Beltrano Sicrano</p><p><b>birthDate</b>: 2001-12-29</p><p><b>managingOrganization</b>: <a href="Organization-organization-1.html">Organization/organization-1</a> "Empresa 1"</p></div>
  </text>
  <identifier>
    <use value="official"/>
    <system value="http://rnds.saude.gov.br/fhir/r4/NamingSystem/cpf"/>
    <value value="12345678910"/>
  </identifier>
  <name>
    <text value="Fulano Beltrano Sicrano"/>
  </name>
  <birthDate value="2001-12-29"/>
  <managingOrganization>
    <reference value="Organization/organization-1"/>
  </managingOrganization>
</Patient>