{
  "package": "example.fhir.uv.sinistros",
  "version": "0.2.0",
  "fhirVersion": "4.0.1",
  "jurisdiction": "001",
  "extensions": [
    {
      "url": "http://somewhere.org/fhir/uv/sinistros/StructureDefinition/claim-senha",
      "title": "Senha/Token",
      "types": [
        "string",
        "string"
      ]
    }
  ],
  "profiles": {
    "Claim": [
      {
        "url": "http://somewhere.org/fhir/uv/sinistros/StructureDefinition/claim",
        "title": "Sinistros"
      }
    ],
    "Coverage": [
      {
        "url": "http://somewhere.org/fhir/uv/sinistros/StructureDefinition/coverage",
        "title": "Cobertura"
      }
    ],
    "Encounter": [
      {
        "url": "http://somewhere.org/fhir/uv/sinistros/StructureDefinition/encounter",
        "title": "Atendimento"
      }
    ],
    "Organization": [
      {
        "url": "http://somewhere.org/fhir/uv/sinistros/StructureDefinition/organization",
        "title": "Organização"
      }
    ],
    "Patient": [
      {
        "url": "http://somewhere.org/fhir/uv/sinistros/StructureDefinition/patient",
        "title": "Paciente"
      }
    ],
    "Practitioner": [
      {
        "url": "http://somewhere.org/fhir/uv/sinistros/StructureDefinition/practitioner",
        "title": "Profissional de Saúde"
      }
    ]
  },
  "usage": {
    "http://hl7.org/fhir/StructureDefinition/elementdefinition-bestpractice": [
      "StructureDefinition.snapshot.element.constraint"
    ],
    "http://hl7.org/fhir/StructureDefinition/elementdefinition-bestpractice-explanation": [
      "StructureDefinition.snapshot.element.constraint"
    ],
    "http://hl7.org/fhir/StructureDefinition/elementdefinition-bindingName": [
      "StructureDefinition.differential.element.binding",
      "StructureDefinition.snapshot.element.binding"
    ],
    "http://hl7.org/fhir/StructureDefinition/elementdefinition-isCommonBinding": [
      "StructureDefinition.snapshot.element.binding"
    ],
    "http://hl7.org/fhir/StructureDefinition/elementdefinition-maxValueSet": [
      "StructureDefinition.snapshot.element.binding"
    ],
    "http://hl7.org/fhir/StructureDefinition/elementdefinition-translatable": [
      "StructureDefinition.snapshot.element"
    ],
    "http://hl7.org/fhir/StructureDefinition/structuredefinition-explicit-type-name": [
      "StructureDefinition.snapshot.element"
    ],
    "http://hl7.org/fhir/StructureDefinition/structuredefinition-fhir-type": [
      "StructureDefinition.snapshot.element.type"
    ],
    "http://hl7.org/fhir/StructureDefinition/structuredefinition-hierarchy": [
      "StructureDefinition.snapshot.element.type"
    ],
    "http://hl7.org/fhir/tools/StructureDefinition/ig-parameter": [
      "ImplementationGuide.definition"
    ],
    "http://hl7.org/fhir/tools/StructureDefinition/resource-information": [
      "ImplementationGuide.definition.resource"
    ],
    "http://somewhere.org/fhir/uv/sinistros/StructureDefinition/claim-senha": [
      "Claim"
    ]
  }
}