{
  "package": "example.fhir.uv.myig",
  "version": "0.2.0",
  "fhirVersion": "4.0.1",
  "jurisdiction": "001",
  "extensions": [],
  "profiles": {
    "Claim": [
      {
        "url": "http://somewhere.org/fhir/uv/myig/StructureDefinition/claim",
        "title": "Claim"
      }
    ],
    "Coverage": [
      {
        "url": "http://somewhere.org/fhir/uv/myig/StructureDefinition/coverage",
        "title": "Coverage"
      }
    ],
    "Encounter": [
      {
        "url": "http://somewhere.org/fhir/uv/myig/StructureDefinition/encounter",
        "title": "Encounter"
      }
    ],
    "Organization": [
      {
        "url": "http://somewhere.org/fhir/uv/myig/StructureDefinition/organization",
        "title": "Organization"
      }
    ],
    "Patient": [
      {
        "url": "http://somewhere.org/fhir/uv/myig/StructureDefinition/patient",
        "title": "Patient"
      }
    ],
    "Practitioner": [
      {
        "url": "http://somewhere.org/fhir/uv/myig/StructureDefinition/practitioner",
        "title": "Practitioner"
      }
    ]
  },
  "usage": {
    "http://hl7.org/fhir/StructureDefinition/elementdefinition-bestpractice": [
      "StructureDefinition.snapshot.element.constraint"
    ],
    "http://hl7.org/fhir/StructureDefinition/elementdefinition-bestpractice-explanation": [
      "StructureDefinition.snapshot.element.constraint"
    ],
    "http://hl7.org/fhir/StructureDefinition/elementdefinition-bindingName": [
      "StructureDefinition.differential.element.binding",
      "StructureDefinition.snapshot.element.binding"
    ],
    "http://hl7.org/fhir/StructureDefinition/elementdefinition-isCommonBinding": [
      "StructureDefinition.snapshot.element.binding"
    ],
    "http://hl7.org/fhir/StructureDefinition/elementdefinition-maxValueSet": [
      "StructureDefinition.snapshot.element.binding"
    ],
    "http://hl7.org/fhir/StructureDefinition/structuredefinition-explicit-type-name": [
      "StructureDefinition.snapshot.element"
    ],
    "http://hl7.org/fhir/StructureDefinition/structuredefinition-fhir-type": [
      "StructureDefinition.snapshot.element.type"
    ],
    "http://hl7.org/fhir/StructureDefinition/structuredefinition-hierarchy": [
      "StructureDefinition.snapshot.element.type"
    ],
    "http://hl7.org/fhir/tools/StructureDefinition/ig-parameter": [
      "ImplementationGuide.definition"
    ],
    "http://hl7.org/fhir/tools/StructureDefinition/resource-information": [
      "ImplementationGuide.definition.resource"
    ]
  }
}