{"resourceType":"ImplementationGuide","id":"example.fhir.uv.sinistros","text":{"status":"extensions","div":"<div xmlns=\"http://www.w3.org/1999/xhtml\"><h2>YourComputableSinistrosNameHere</h2><p>The official URL for this implementation guide is: </p><pre>http://somewhere.org/fhir/uv/sinistros/ImplementationGuide/example.fhir.uv.sinistros</pre><div><p>A brief description of what Sinistros is about (probably the same text as in your readme)</p>\n</div></div>"},"url":"http://somewhere.org/fhir/uv/sinistros/ImplementationGuide/example.fhir.uv.sinistros","version":"0.2.0","name":"YourComputableSinistrosNameHere","title":"Sinistros","status":"draft","experimental":false,"date":"2022-01-14T02:11:18+00:00","publisher":"HL7 International - [Some] Work Group","contact":[{"telecom":[{"system":"url","value":"http://hl7.org/Special/committees/[something]"}]}],"description":"A brief description of what Sinistros is about (probably the same text as in your readme)","jurisdiction":[{"coding":[{"system":"http://unstats.un.org/unsd/methods/m49/m49.htm","code":"001"}]}],"packageId":"example.fhir.uv.sinistros","license":"CC0-1.0","fhirVersion":["4.0.1"],"definition":{"extension":[{"extension":[{"url":"code","valueString":"copyrightyear"},{"url":"value","valueString":"2019+"}],"url":"http://hl7.org/fhir/tools/StructureDefinition/ig-parameter"},{"extension":[{"url":"code","valueString":"releaselabel"},{"url":"value","valueString":"CI Build"}],"url":"http://hl7.org/fhir/tools/StructureDefinition/ig-parameter"},{"extension":[{"url":"code","valueString":"path-binary"},{"url":"value","valueString":"input\\cql"}],"url":"http://hl7.org/fhir/tools/StructureDefinition/ig-parameter"},{"extension":[{"url":"code","valueString":"path-liquid"},{"url":"value","valueString":"templates\\liquid"}],"url":"http://hl7.org/fhir/tools/StructureDefinition/ig-parameter"},{"extension":[{"url":"code","valueString":"shownav"},{"url":"value","valueString":"true"}],"url":"http://hl7.org/fhir/tools/StructureDefinition/ig-parameter"},{"extension":[{"url":"code","valueString":"showsource"},{"url":"value","valueString":"true"}],"url":"http://hl7.org/fhir/tools/StructureDefinition/ig-parameter"},{"extension":[{"url":"code","valueString":"autoload-resources"},{"url":"value","valueString":"true"}],"url":"http://hl7.org/fhir/tools/StructureDefinition/ig-parameter"},{"extension":[{"url":"code","valueString":"path-liquid"},{"url":"value","valueString":"template/liquid"}],"url":"http://hl7.org/fhir/tools/StructureDefinition/ig-parameter"},{"extension":[{"url":"code","valueString":"path-liquid"},{"url":"value","valueString":"input/liquid"}],"url":"http://hl7.org/fhir/tools/StructureDefinition/ig-parameter"},{"extension":[{"url":"code","valueString":"path-qa"},{"url":"value","valueString":"temp/qa"}],"url":"http://hl7.org/fhir/tools/StructureDefinition/ig-parameter"},{"extension":[{"url":"code","valueString":"path-temp"},{"url":"value","valueString":"temp/pages"}],"url":"http://hl7.org/fhir/tools/StructureDefinition/ig-parameter"},{"extension":[{"url":"code","valueString":"path-output"},{"url":"value","valueString":"output"}],"url":"http://hl7.org/fhir/tools/StructureDefinition/ig-parameter"},{"extension":[{"url":"code","valueString":"path-suppressed-warnings"},{"url":"value","valueString":"input/ignoreWarnings.txt"}],"url":"http://hl7.org/fhir/tools/StructureDefinition/ig-parameter"},{"extension":[{"url":"code","valueString":"path-history"},{"url":"value","valueString":"http://somewhere.org/fhir/uv/sinistros/history.html"}],"url":"http://hl7.org/fhir/tools/StructureDefinition/ig-parameter"},{"extension":[{"url":"code","valueString":"template-html"},{"url":"value","valueString":"template-page.html"}],"url":"http://hl7.org/fhir/tools/StructureDefinition/ig-parameter"},{"extension":[{"url":"code","valueString":"template-md"},{"url":"value","valueString":"template-page-md.html"}],"url":"http://hl7.org/fhir/tools/StructureDefinition/ig-parameter"},{"extension":[{"url":"code","valueString":"apply-contact"},{"url":"value","valueString":"true"}],"url":"http://hl7.org/fhir/tools/StructureDefinition/ig-parameter"},{"extension":[{"url":"code","valueString":"apply-context"},{"url":"value","valueString":"true"}],"url":"http://hl7.org/fhir/tools/StructureDefinition/ig-parameter"},{"extension":[{"url":"code","valueString":"apply-copyright"},{"url":"value","valueString":"true"}],"url":"http://hl7.org/fhir/tools/StructureDefinition/ig-parameter"},{"extension":[{"url":"code","valueString":"apply-jurisdiction"},{"url":"value","valueString":"true"}],"url":"http://hl7.org/fhir/tools/StructureDefinition/ig-parameter"},{"extension":[{"url":"code","valueString":"apply-license"},{"url":"value","valueString":"true"}],"url":"http://hl7.org/fhir/tools/StructureDefinition/ig-parameter"},{"extension":[{"url":"code","valueString":"apply-publisher"},{"url":"value","valueString":"true"}],"url":"http://hl7.org/fhir/tools/StructureDefinition/ig-parameter"},{"extension":[{"url":"code","valueString":"apply-version"},{"url":"value","valueString":"true"}],"url":"http://hl7.org/fhir/tools/StructureDefinition/ig-parameter"},{"extension":[{"url":"code","valueString":"active-tables"},{"url":"value","valueString":"true"}],"url":"http://hl7.org/fhir/tools/StructureDefinition/ig-parameter"}],"grouping":[{"id":"-str-abstractprofile","name":"Structures: Abstract Profiles","description":"These are profiles on resources or data types that describe patterns used by other profiles, but cannot be instantiated directly.  I.e. instances can conform to profiles *based* on these abstract profiles, but do not declare conformance to the abstract profiles themselves."},{"id":"-str-extension","name":"Structures: Extension Definitions","description":"These define constraints on FHIR data types for systems conforming to this implementation guide"},{"id":"-ex-example","name":"Example: Example Instances","description":"These are example instances that show what data produced and consumed by systems conforming with this implementation guide might look like"}],"resource":[{"extension":[{"url":"http://hl7.org/fhir/StructureDefinition/implementationguide-page","valueUri":"Patient-patient-1.html"}],"reference":{"reference":"Patient/patient-1"},"name":"Example Patient - patient-1","exampleCanonical":"http://somewhere.org/fhir/uv/sinistros/StructureDefinition/patient","groupingId":"-ex-example"},{"extension":[{"url":"http://hl7.org/fhir/StructureDefinition/implementationguide-page","valueUri":"Claim-claim-1.html"}],"reference":{"reference":"Claim/claim-1"},"name":"Example Claim - claim-1","exampleCanonical":"http://somewhere.org/fhir/uv/sinistros/StructureDefinition/claim","groupingId":"-ex-example"},{"extension":[{"url":"http://hl7.org/fhir/StructureDefinition/implementationguide-page","valueUri":"Organization-organization-3.html"}],"reference":{"reference":"Organization/organization-3"},"name":"Example Organization - organization-3","exampleCanonical":"http://somewhere.org/fhir/uv/sinistros/StructureDefinition/organization","groupingId":"-ex-example"},{"extension":[{"url":"http://hl7.org/fhir/StructureDefinition/implementationguide-page","valueUri":"Organization-organization-2.html"}],"reference":{"reference":"Organization/organization-2"},"name":"Example Organization - organization-2","exampleCanonical":"http://somewhere.org/fhir/uv/sinistros/StructureDefinition/organization","groupingId":"-ex-example"},{"extension":[{"url":"http://hl7.org/fhir/StructureDefinition/implementationguide-page","valueUri":"Practitioner-practitioner-1.html"}],"reference":{"reference":"Practitioner/practitioner-1"},"name":"Example Practitioner - practitioner-1","exampleCanonical":"http://somewhere.org/fhir/uv/sinistros/StructureDefinition/practitioner","groupingId":"-ex-example"},{"extension":[{"url":"http://hl7.org/fhir/StructureDefinition/implementationguide-page","valueUri":"Encounter-encounter-1.html"}],"reference":{"reference":"Encounter/encounter-1"},"name":"Example Encounter - encounter-1","exampleCanonical":"http://somewhere.org/fhir/uv/sinistros/StructureDefinition/encounter","groupingId":"-ex-example"},{"extension":[{"url":"http://hl7.org/fhir/StructureDefinition/implementationguide-page","valueUri":"Coverage-coverage-1.html"}],"reference":{"reference":"Coverage/coverage-1"},"name":"Example Coverage - coverage-1","exampleCanonical":"http://somewhere.org/fhir/uv/sinistros/StructureDefinition/coverage","groupingId":"-ex-example"},{"extension":[{"url":"http://hl7.org/fhir/StructureDefinition/implementationguide-page","valueUri":"Organization-organization-1.html"}],"reference":{"reference":"Organization/organization-1"},"name":"Example Organization - organization-1","exampleCanonical":"http://somewhere.org/fhir/uv/sinistros/StructureDefinition/organization","groupingId":"-ex-example"},{"extension":[{"url":"http://hl7.org/fhir/StructureDefinition/implementationguide-page","valueUri":"StructureDefinition-encounter.html"}],"reference":{"reference":"StructureDefinition/encounter"},"name":"Atendimento","description":"Atendimento/Consulta","groupingId":"-str-abstractprofile"},{"extension":[{"url":"http://hl7.org/fhir/StructureDefinition/implementationguide-page","valueUri":"StructureDefinition-patient.html"}],"reference":{"reference":"StructureDefinition/patient"},"name":"Paciente","description":"Paciente, também conhecido como cadastro vidas, beneficiários e segurados","groupingId":"-str-abstractprofile"},{"extension":[{"url":"http://hl7.org/fhir/StructureDefinition/implementationguide-page","valueUri":"StructureDefinition-coverage.html"}],"reference":{"reference":"StructureDefinition/coverage"},"name":"Cobertura","description":"Cobertura","groupingId":"-str-abstractprofile"},{"extension":[{"url":"http://hl7.org/fhir/StructureDefinition/implementationguide-page","valueUri":"StructureDefinition-claim-senha.html"}],"reference":{"reference":"StructureDefinition/claim-senha"},"name":"Senha/Token","description":"Autorização senha/token de um sinistro","groupingId":"-str-extension"},{"extension":[{"url":"http://hl7.org/fhir/StructureDefinition/implementationguide-page","valueUri":"StructureDefinition-organization.html"}],"reference":{"reference":"StructureDefinition/organization"},"name":"Organização","description":"Organização, como hospital, prestador de saúde ou empresa","groupingId":"-str-abstractprofile"},{"extension":[{"url":"http://hl7.org/fhir/StructureDefinition/implementationguide-page","valueUri":"StructureDefinition-claim.html"}],"reference":{"reference":"StructureDefinition/claim"},"name":"Sinistros","description":"Sinistros/Eventos de pacientes","groupingId":"-str-abstractprofile"},{"extension":[{"url":"http://hl7.org/fhir/StructureDefinition/implementationguide-page","valueUri":"StructureDefinition-practitioner.html"}],"reference":{"reference":"StructureDefinition/practitioner"},"name":"Profissional de Saúde","description":"Profissional de Saúde","groupingId":"-str-abstractprofile"}],"page":{"nameUrl":"toc.html","title":"Table of Contents","generation":"html","page":[{"nameUrl":"index.html","title":"Sinistros Home Page","generation":"html"},{"nameUrl":"background.html","title":"Background","generation":"html"},{"nameUrl":"downloads.html","title":"Useful Downloads","generation":"html"},{"nameUrl":"changes.html","title":"IG Change History","generation":"html"},{"nameUrl":"artifacts.html","title":"Artifacts Summary","generation":"html","page":[{"nameUrl":"StructureDefinition-encounter.html","title":"Atendimento","generation":"generated"},{"nameUrl":"StructureDefinition-patient.html","title":"Paciente","generation":"generated"},{"nameUrl":"StructureDefinition-coverage.html","title":"Cobertura","generation":"generated"},{"nameUrl":"StructureDefinition-organization.html","title":"Organização","generation":"generated"},{"nameUrl":"StructureDefinition-claim.html","title":"Sinistros","generation":"generated"},{"nameUrl":"StructureDefinition-practitioner.html","title":"Profissional de Saúde","generation":"generated"},{"nameUrl":"StructureDefinition-claim-senha.html","title":"Senha/Token","generation":"generated"},{"nameUrl":"Patient-patient-1.html","title":"Example Patient - patient-1","generation":"generated"},{"nameUrl":"Claim-claim-1.html","title":"Example Claim - claim-1","generation":"generated"},{"nameUrl":"Organization-organization-3.html","title":"Example Organization - organization-3","generation":"generated"},{"nameUrl":"Organization-organization-2.html","title":"Example Organization - organization-2","generation":"generated"},{"nameUrl":"Practitioner-practitioner-1.html","title":"Example Practitioner - practitioner-1","generation":"generated"},{"nameUrl":"Encounter-encounter-1.html","title":"Example Encounter - encounter-1","generation":"generated"},{"nameUrl":"Coverage-coverage-1.html","title":"Example Coverage - coverage-1","generation":"generated"},{"nameUrl":"Organization-organization-1.html","title":"Example Organization - organization-1","generation":"generated"}]}]},"parameter":[{"code":"path-resource","value":"input\\history"},{"code":"path-resource","value":"input/capabilities"},{"code":"path-resource","value":"input/examples"},{"code":"path-resource","value":"input/extensions"},{"code":"path-resource","value":"input/models"},{"code":"path-resource","value":"input/operations"},{"code":"path-resource","value":"input/profiles"},{"code":"path-resource","value":"input/resources"},{"code":"path-resource","value":"input/vocabulary"},{"code":"path-resource","value":"input/testing"},{"code":"path-resource","value":"input/history"},{"code":"path-resource","value":"fsh-generated/resources"},{"code":"path-pages","value":"template/config"},{"code":"path-pages","value":"input/images"},{"code":"path-tx-cache","value":"input-cache/txcache"}]}}