{
  "resourceType": "Coverage",
  "id": "coverage-1",
  "meta": {
    "profile": [
      "http://somewhere.org/fhir/uv/sinistros/StructureDefinition/coverage"
    ]
  },
  "text": {
    "status": "generated",
    "div": "<div xmlns=\"http://www.w3.org/1999/xhtml\"><p><b>Generated Narrative</b></p><div style=\"display: inline-block; background-color: #d9e0e7; padding: 6px; margin: 4px; border: 1px solid #8da1b4; border-radius: 5px; line-height: 60%\"><p style=\"margin-bottom: 0px\">Resource \"coverage-1\" </p><p style=\"margin-bottom: 0px\">Profile: <a href=\"StructureDefinition-coverage.html\">Cobertura</a></p></div><p><b>identifier</b>: id: 123456789101 (OFFICIAL)</p><p><b>status</b>: active</p><p><b>beneficiary</b>: <a href=\"Patient-patient-1.html\">Patient/patient-1</a> \"\"</p><p><b>payor</b>: <a href=\"Organization-organization-1.html\">Organization/organization-1</a> \"Empresa 1\"</p></div>"
  },
  "identifier": [
    {
      "use": "official",
      "system": "http://somewhere.org/fhir/NamingSystem/coverage",
      "value": "123456789101"
    }
  ],
  "status": "active",
  "beneficiary": {
    "reference": "Patient/patient-1"
  },
  "payor": [
    {
      "reference": "Organization/organization-1"
    }
  ]
}